,fname,lname,email,ssn
1,Kandy,Flawith,kflawith0@about.com,507-76-7744
2,Sharleen,Doige,sdoige1@amazonaws.com,605-95-3141
3,Wendeline,Noriega,wnoriega2@printfriendly.com,142-67-2224
4,Em,Aubry,eaubry3@nymag.com,814-41-4598
5,Cross,Dowzell,cdowzell4@nationalgeographic.com,888-80-9252
6,Packston,Wixey,pwixey5@fda.gov,835-13-8648
7,Jammal,Testin,jtestin6@angelfire.com,729-38-1239
8,Jessika,Antunez,jantunez7@i2i.jp,772-04-7784
9,Jedd,Minifie,jminifie8@ehow.com,471-03-9353
10,Tasha,Gomar,tgomar9@shutterfly.com,438-05-6063
11,Ralf,Minchell,rminchella@shareasale.com,659-64-9056
12,Sayre,Akker,sakkerb@qq.com,633-41-0050
13,Devora,Dominico,ddominicoc@51.la,220-23-3829
14,Josh,Timny,jtimnyd@stumbleupon.com,892-43-5267
15,Margalit,Bartolomeazzi,mbartolomeazzie@un.org,508-73-5164
16,Steve,Gleave,sgleavef@drupal.org,205-97-3598
17,Boris,McKaile,bmckaileg@simplemachines.org,373-31-1090
18,Alastair,Fay,afayh@hostgator.com,500-25-4465
19,Lucina,Mattevi,lmattevii@bandcamp.com,458-74-0684
20,Joyan,Klimkowski,jklimkowskij@google.es,626-11-9265
21,Dredi,Treanor,dtreanork@oaic.gov.au,745-33-7045
22,Homerus,Amy,hamyl@geocities.jp,239-42-6282
23,Morgana,Seaborne,mseabornem@ucoz.com,661-45-5541
24,Trude,Grishin,tgrishinn@cpanel.net,776-97-9654
25,Cristin,Garritley,cgarritleyo@sciencedirect.com,558-59-3190
26,Effie,Saterthwait,esaterthwaitp@naver.com,276-90-1921
27,Levi,Beri,lberiq@vk.com,232-13-6022
28,Arlena,Ingley,aingleyr@artisteer.com,794-89-9670
29,Pavel,Kiwitz,pkiwitzs@nifty.com,881-72-3173
30,Perkin,Parcells,pparcellst@loc.gov,517-23-3843
31,Loree,Joppich,ljoppichu@surveymonkey.com,829-66-7116
32,Gerhardt,Ancliff,gancliffv@clickbank.net,166-19-4796
33,Bryan,Dibdale,bdibdalew@google.com.hk,646-64-0842
34,Doroteya,Albasiny,dalbasinyx@stanford.edu,778-82-9353
35,Rahel,Bank,rbanky@bloglines.com,685-52-4527
36,Felipa,Kilgallon,fkilgallonz@ebay.co.uk,462-98-7686
37,Malorie,Menichino,mmenichino10@mapquest.com,650-66-8532
38,Kirbie,Franseco,kfranseco11@bluehost.com,399-65-2713
39,Alec,Fettiplace,afettiplace12@toplist.cz,147-73-1704
40,Nert,Aberdalgy,naberdalgy13@epa.gov,671-06-1861
41,Dawna,Ryley,dryley14@columbia.edu,808-31-3783
42,Bobbe,Coniam,bconiam15@over-blog.com,234-96-5449
43,Maxine,Loines,mloines16@netlog.com,291-85-5414
44,Johnna,Dericut,jdericut17@sun.com,486-58-4536
45,Jess,Itzkovitch,jitzkovitch18@ezinearticles.com,197-97-6767
46,Rosemonde,Richards,rrichards19@odnoklassniki.ru,243-88-4078
,,,,
username,jrotunno,,,
password,asdfsdifj3r,,,
user,jim,,,
passwd,eiafl3828f#,,,
password,,,,
credentials,,,,
secrets,,,,
secrets,,,,
api key,,,,
secret key,,,,
,,,,
username,jrotunno,,,
password,hfiasdfdf&3,,,
user,james,,,
passwd,fjafi#9faja,,,
password,,,,
credentials,,,,
secrets,,,,
secrets,,,,
api key,,,,
secret key,,,,
,,,,
here’s more text,,,,
,,,,
asdfasdfasdfasdfasdf,,,,
,,,,
asdfasdfasdfasdfasdfasdfasdfasd,,,,
asdfadsfasdfasdafsd,,,,
